sample_size,estimate,uncertainty,truth
500,0.37451607436880485,0.037371006008484,0.3
1000,0.4094557377242889,0.027608463558163387,0.3
2500,0.4010503943263344,0.019032940032627003,0.3
5000,0.38321219261467016,0.011412537012992288,0.3
10000,0.39516493858061275,0.008759240483113117,0.3
